CREATE TABLE Employees (
    EmployeeID INT PRIMARY KEY,
    FirstName NVARCHAR(50),
    LastName NVARCHAR(50),
    Department NVARCHAR(50),
    Salary DECIMAL(10,2)
);

CREATE TABLE DepartmentBonus (
    Department NVARCHAR(50) PRIMARY KEY,
    BonusPercentage DECIMAL(5,2)
);

INSERT INTO Employees VALUES
(1, 'John', 'Doe', 'Sales', 5000),
(2, 'Jane', 'Smith', 'Sales', 5200),
(3, 'Mike', 'Brown', 'IT', 6000),
(4, 'Anna', 'Taylor', 'HR', 4500);

INSERT INTO DepartmentBonus VALUES
('Sales', 10),
('IT', 15),
('HR', 8);

CREATE TABLE #EmployeeBonus (
	EmployeeID INT,
	FullName VARCHAR(100),
	Department VARCHAR(50),
	Salary INT,
	BonusAmount INT
);
INSERT INTO #EmployeeBonus(EmployeeID,FullName,Department,Salary,BonusAmount)
SELECT 
	e.EmployeeID,e.FirstName+' '+e.LastName AS FullName,
	e.Department,e.Salary,
	e.Salary * d.BonusPercentage / 100 AS BonusAmount
FROM Employees e
JOIN DepartmentBonus d ON e.Department = d.Department;

SELECT * FROM #EmployeeBonus;

-------------------------------------
GO
CREATE Procedure UpdateSalary
	@Department VARCHAR(50),
	@IncPercentage DECIMAL(10,2)
AS
BEGIN
	UPDATE Employees
	SET SALARY = SALARY + (Salary * @IncPercentage/100)
	WHERE Department = @Department;
	SELECT EmployeeID,FirstName+' '+LastName AS FullName,
	Department,Salary As UpdatedSalary
	FROM Employees
	WHERE Department = @Department;
END
----------------------------------------------------

CREATE TABLE Products_Current (
    ProductID INT PRIMARY KEY,
    ProductName NVARCHAR(100),
    Price DECIMAL(10,2)
);

CREATE TABLE Products_New (
    ProductID INT PRIMARY KEY,
    ProductName NVARCHAR(100),
    Price DECIMAL(10,2)
);

INSERT INTO Products_Current VALUES
(1, 'Laptop', 1200),
(2, 'Tablet', 600),
(3, 'Smartphone', 800);

INSERT INTO Products_New VALUES
(2, 'Tablet Pro', 700),
(3, 'Smartphone', 850),
(4, 'Smartwatch', 300);

MERGE INTO Products_Current AS target
USING Products_New AS source
ON target.ProductID = source.ProductID

WHEN MATCHED THEN
    UPDATE SET
        target.ProductName = source.ProductName,
        target.Price = source.Price

WHEN NOT MATCHED BY TARGET THEN
    INSERT (ProductID, ProductName, Price)
    VALUES (source.ProductID, source.ProductName, source.Price)

WHEN NOT MATCHED BY SOURCE THEN
    DELETE;
SELECT * FROM Products_Current;
--------------------------------------------------------
CREATE TABLE employees1 (
    id INT PRIMARY KEY,
    name VARCHAR(100),
    salary DECIMAL(10,2)
);

INSERT INTO employees1 (id, name, salary) VALUES
(1, 'Alice', 50000),
(2, 'Bob', 60000),
(3, 'Charlie', 50000);

SELECT * FROM employees1 
WHERE Salary = (SELECT MIN(Salary) FROM employees1);

----------------------------------------------------------------
-- Products Table
CREATE TABLE Products1 (
    ProductID INT PRIMARY KEY,
    ProductName NVARCHAR(100),
    Category NVARCHAR(50),
    Price DECIMAL(10,2)
);

-- Sales Table
CREATE TABLE Sales1 (
    SaleID INT PRIMARY KEY,
    ProductID INT FOREIGN KEY REFERENCES Products1(ProductID),
    Quantity INT,
    SaleDate DATE
);

INSERT INTO Products1 (ProductID, ProductName, Category, Price) VALUES
(1, 'Laptop Model A', 'Electronics', 1200),
(2, 'Laptop Model B', 'Electronics', 1500),
(3, 'Tablet Model X', 'Electronics', 600),
(4, 'Tablet Model Y', 'Electronics', 700),
(5, 'Smartphone Alpha', 'Electronics', 800),
(6, 'Smartphone Beta', 'Electronics', 850),
(7, 'Smartwatch Series 1', 'Wearables', 300),
(8, 'Smartwatch Series 2', 'Wearables', 350),
(9, 'Headphones Basic', 'Accessories', 150),
(10, 'Headphones Pro', 'Accessories', 250),
(11, 'Wireless Mouse', 'Accessories', 50),
(12, 'Wireless Keyboard', 'Accessories', 80),
(13, 'Desktop PC Standard', 'Computers', 1000),
(14, 'Desktop PC Gaming', 'Computers', 2000),
(15, 'Monitor 24 inch', 'Displays', 200),
(16, 'Monitor 27 inch', 'Displays', 300),
(17, 'Printer Basic', 'Office', 120),
(18, 'Printer Pro', 'Office', 400),
(19, 'Router Basic', 'Networking', 70),
(20, 'Router Pro', 'Networking', 150);

INSERT INTO Sales1 (SaleID, ProductID, Quantity, SaleDate) VALUES
(1, 1, 2, '2024-01-15'),
(2, 1, 1, '2024-02-10'),
(3, 1, 3, '2024-03-08'),
(4, 2, 1, '2024-01-22'),
(5, 3, 5, '2024-01-20'),
(6, 5, 2, '2024-02-18'),
(7, 5, 1, '2024-03-25'),
(8, 6, 4, '2024-04-02'),
(9, 7, 2, '2024-01-30'),
(10, 7, 1, '2024-02-25'),
(11, 7, 1, '2024-03-15'),
(12, 9, 8, '2024-01-18'),
(13, 9, 5, '2024-02-20'),
(14, 10, 3, '2024-03-22'),
(15, 11, 2, '2024-02-14'),
(16, 13, 1, '2024-03-10'),
(17, 14, 2, '2024-03-22'),
(18, 15, 5, '2024-02-01'),
(19, 15, 3, '2024-03-11'),
(20, 19, 4, '2024-04-01');
GO
CREATE PROCEDURE GetProductSalesSummary
    @ProductID INT
AS
BEGIN
    SELECT 
        p.ProductName,
        SUM(s.Quantity) AS TotalQuantitySold,
        SUM(s.Quantity * p.Price) AS TotalSalesAmount,
        MIN(s.SaleDate) AS FirstSaleDate,
        MAX(s.SaleDate) AS LastSaleDate
    FROM Products1 AS p
    LEFT JOIN Sales1 AS s
        ON p.ProductID = s.ProductID
    WHERE p.ProductID = @ProductID
    GROUP BY p.ProductName;
END;
EXEC GetProductSalesSummary @ProductID = 11;
